prompt_text,complexity_label
What is 7 multiplied by 8?,simple
Explain the concept of database normalization and the first three normal forms.,moderate
Write a Python class that implements a min-heap data structure from scratch.,complex
Write a Python class that implements a thread pool executor from scratch using only the threading module.,complex
How many continents are there?,simple
Summarize the main ideas behind agile software development.,moderate
Explain how MapReduce works for distributed data processing.,moderate
What is the currency of Japan?,simple
Explain how neural networks learn from data.,moderate
What is the tallest mountain in the world?,simple
What is the difference between strong and weak typing in programming languages?,moderate
Implement a rate limiter in Python using the token bucket algorithm.,complex
What language is spoken in Brazil?,simple
What does RAM stand for in computing?,simple
How would you design a distributed job scheduler that guarantees each job runs exactly once even if nodes fail?,complex
What is the plural of matrix?,simple
How would you design the infrastructure for a machine learning model serving system that handles 10k requests per second?,complex
Design a system for real-time analytics on a stream of user click events at 1 million events per second.,complex
Compare the Agile and Waterfall project management methodologies.,moderate
Design an A/B testing framework that handles multiple simultaneous experiments with statistical significance tracking.,complex
How would you approach debugging a production system experiencing intermittent latency spikes with no obvious pattern?,complex
Summarize the key differences between machine learning and deep learning.,moderate
What is the speed of light?,simple
What color is the sky on a clear day?,simple
Write a Python generator that lazily parses a large XML file and yields records one at a time.,complex
Write a recursive descent parser in Python for a simple arithmetic expression language.,complex
How would you debug a memory leak in a long-running Python web service? Walk through your investigation step by step.,complex
Who discovered penicillin?,simple
How many days are in a leap year?,simple
What is the capital of France?,simple
How would you implement a full-text search engine from scratch? Describe the indexing and query pipeline.,complex
How does rate limiting work in an API and why is it important?,moderate
What is the capital of Germany?,simple
Explain how event-driven programming works.,moderate
What is the difference between a process and a thread?,moderate
Compare Docker containers vs virtual machines. What are the trade-offs?,moderate
Who invented the telephone?,simple
Implement a simple neural network in Python using only NumPy for binary classification.,complex
What does PDF stand for?,simple
Who painted The Starry Night?,simple
What is the SI unit of electric current?,simple
Explain what CORS is and why browsers enforce it.,moderate
What does DNS stand for?,simple
Implement a bloom filter in Python and explain when you would use it over a hash set.,complex
Design a distributed caching layer for a high-traffic e-commerce platform and explain cache invalidation.,complex
How does a CDN improve website performance?,moderate
Design a system to detect duplicate images at scale. What algorithms and infrastructure would you use?,complex
What is the square root of 144?,simple
Implement a consistent hashing algorithm in Python for distributing requests across servers.,complex
Implement the merge sort algorithm in Python and analyze its time and space complexity.,complex
Describe what makes a RESTful API RESTful and what constraints must it follow?,moderate
Debug the following Python code that should reverse a linked list but has a bug.,complex
Design a schema and API for a multi-level comment system. Handle deep nesting and efficient retrieval.,complex
Implement a basic LRU cache in Python with O(1) get and put operations.,complex
Explain how you would migrate a monolithic Rails application to microservices with zero downtime.,complex
Describe the Model-View-Controller (MVC) architectural pattern.,moderate
What does CPU stand for?,simple
List the primary colors.,simple
Explain the concept of recursion in programming with a simple example.,moderate
Implement a graph traversal algorithm to detect cycles in a directed graph.,complex
What year did the Berlin Wall fall?,simple
Explain how HTTPS works and why it is more secure than HTTP.,moderate
Describe how pub/sub messaging systems work.,moderate
How does a hash table work and what makes a good hash function?,moderate
Write a Python script that monitors a directory for file changes and triggers a callback function on any modification.,complex
What is the largest planet in the solar system?,simple
How does version control with Git help teams collaborate on software projects?,moderate
How does the garbage collector work in Python?,moderate
What are the pros and cons of using microservices vs a monolithic architecture?,moderate
What are design patterns and why are they useful? Name three common ones.,moderate
Explain the difference between supervised and unsupervised learning.,moderate
What does HTML stand for?,simple
What are the long-term macroeconomic effects of sustained quantitative easing and why do economists disagree?,complex
Write a Python metaclass that automatically validates type annotations on class attributes at instantiation time.,complex
Write a Python script that reads a CSV file with 1M rows and computes per-group statistics without loading the entire file into memory.,complex
How does a binary search algorithm work? Explain with an example.,moderate
Describe how OAuth 2.0 authentication works.,moderate
Define the word ephemeral.,simple
Describe how TCP/IP works and how data packets travel across the internet.,moderate
How many sides does a hexagon have?,simple
Who is the current CEO of Tesla?,simple
What is the difference between mutable and immutable objects in Python?,moderate
Write a Python function that flattens an arbitrarily nested JSON object into a single-level dictionary with dot-notation keys.,complex
Convert 100 degrees Fahrenheit to Celsius.,simple
Compare L1 and L2 regularization in machine learning.,moderate
Analyze the trade-offs between using a relational vs graph database for a social network application with billions of user connections.,complex
What is the capital of Australia?,simple
Write a recursive function in Python to solve the Tower of Hanoi problem for N disks.,complex
Define photosynthesis in one sentence.,simple
Explain how load balancing works in distributed systems.,moderate
Explain the concept of a blockchain in simple terms.,moderate
Implement a simple version of Python asyncio event loop to demonstrate cooperative multitasking.,complex
What are the main differences between Python 2 and Python 3?,moderate
Who is the author of the Harry Potter series?,simple
How would you design the backend for a ride-sharing app? Focus on real-time location tracking and matching.,complex
Design a multi-tenant SaaS database schema. How do you isolate tenant data and handle migrations?,complex
What is the chemical symbol for gold?,simple
What does API stand for?,simple
Convert 5 kilometers to miles.,simple
What does HTTP stand for?,simple
What is object-oriented programming and what are its four main principles?,moderate
What is the atomic number of carbon?,simple
How would you approach building a recommendation system for a video streaming platform? Walk through the full pipeline.,complex
Compare eager loading and lazy loading in web applications.,moderate
Explain what Big O notation means and why it matters for algorithms.,moderate
What year was the iPhone first released?,simple
What is the largest ocean on Earth?,simple
Implement a thread-safe singleton pattern in Python.,complex
What are the SOLID principles in software design?,moderate
Explain how a relational database index improves query performance.,moderate
What is the difference between a primary key and a foreign key in a database?,moderate
Design an event sourcing system for a banking application. How do you handle consistency and replay?,complex
What is the difference between a stack and a queue data structure?,moderate
Write a Python decorator that retries a function call up to 3 times with exponential backoff on failure.,complex
What is the capital of Canada?,simple
Who wrote Romeo and Juliet?,simple
What are the main causes of inflation and how does central bank policy address it?,moderate
Explain what a decision tree classifier does and how it splits data.,moderate
Write a Python program that uses asyncio to concurrently fetch data from 100 URLs and aggregate the results.,complex
Implement a trie data structure in Python and use it to build an autocomplete feature.,complex
Design a URL shortener service. Describe the system architecture and key trade-offs.,complex
Write a Python function that takes a list of integers and returns all prime numbers in that list.,complex
How would you migrate 10 terabytes of data from one database schema to another with minimal downtime?,complex
Write a Python function to parse and evaluate a mathematical expression given as a string supporting standard operators.,complex
